,sim,sentence1,sentence2
0,1,last year wanted murder,last year sought murder 
1,1,promarket economists dont object corporations blatantly use snob appeal promote products,economists companies openly using attractiveness luxury promote products
2,1,perhaps importantly ahmadinejad destabilizing influence bernanke,perhaps important ahmadinejad destabilising influence bernanke
3,1,europe,europe
4,1,gays modern practices rejected selfindulgent,gay practical modern rejected laws
5,1,month ago mubarak dismissed demands constitutional reform futile,month muybarak refused demands constitutional reform taxing futile
6,1,month ago mubarak dismissed demands constitutional reform futile,one month muybarak disrupted demands constitutional reform taxing futile 
7,1,iraqs future depends directly fate iraqi oil production,future iraq linked oil production country
8,1,todays great pax europa todays paneuropean prosperity depend,large pax europa today like current prosperity paneuropéenne depends
9,1,tendency extends deeper headscarves,trend goes well beyond simple headscarves
10,1,divisions reproduced local level,beyond geographical division divisions recur locally
11,1,europes performance continues decline would perception survive,image survive continuation decline
12,1,europes performance continues decline would perception survive,image survive decline
13,1,people versus putin,putin people
14,1,old version european responsewhat psychologists might call dollar envywill become acute,old version european response psychologists call envy dollar become pervasive
15,1,returns make us stock markets attractive reflect delicate political balance,returns return us markets transferable securities attracting reflect fragile political balance
16,1,side quite different theories explanations going,every leader markedly different explanations theories situation
17,1,answer lies support indonesian prodemocracy activists generate domestically internationally,answer support democratic activists indonésiens able generate nationally internationally
18,0,ignorant poor sick,moment 
19,1,jobs particular help young people create new lives serious work,jobs particular help young invent new forms employment 
20,1,iraqs future depends directly fate iraqi oil production,future iraq related oil production country
21,1,areas sharia law introduced force,areas sharia imposed
22,1,time radical improvements technology made threat evaporate,time radical technological progress made threats
23,1,prominent chinese businessman divides time hongkong london even specific,chinese influential businessman share time hong kong london even precise
24,1,answer lies support indonesian prodemocracy activists generate domestically internationally,answer lies support democratic activists indonesians may generate drive internationally
25,1,returns make us stock markets attractive reflect delicate political balance,returns make markets attractive reflect fragile political equilibrium 
26,1,questions many,many questions 
27,1,us stock prices fell 52 may 9 may 24,however americans fall 52 9 24 may 
28,1,time radical improvements technology made threat evaporate,time radical technological progress made slip threats
29,1,jobs particular help young people create new lives serious work,jobs particular would help young people forge new lives serious jobs
30,1,none absolves rich countries responsibility help,however emerging rich countries obligation help
31,1,perhaps importantly ahmadinejad destabilizing influence bernanke,perhaps important ahmadinejad exerts destabilizing influence bernanke
32,1,left conservative opposition without effective response,leaves opposition conservative without effective response
33,1,recommend policies politicians may may want consider,recommended policies politicians take account
34,1,gross error leading russia political ruin,mistake mistake process political 
35,1,initiative get far,done without initiative goes far
36,1,old version european responsewhat psychologists might call dollar envywill become acute,old version european reaction psychologists call desire dollar become penetrating
37,1,last year wanted murder,last year required murder
38,1,political stock market,politicization securities markets
39,1,side quite different theories explanations going,every originator theories explanations appreciably different situation
40,1,jobs particular help young people create new lives serious work,jobs help young people forge new lives serious jobs
41,1,tocqueville believed effective longterm constraints tendency,tocqueville believed long term nothing oppose really trend
42,1,witnessing today shift muslim identity islamist identity,witnessing today change muslim identity islamic identity
43,1,defeat alstom would profound consequences europeand competition policy,question losing alstom would serious repercussions europe policies competition
44,1,todays great pax europa todays paneuropean prosperity depend,large europa pax today current paneuropean prosperity depends
45,1,last year wanted murder,last year sought murder
46,0,witnessing today shift muslim identity islamist identity,absence change associations 
47,1,todays great pax europa todays paneuropean prosperity depend,great pax europa today current paneuropean prosperity depends
48,1,left conservative opposition without effective response,leaves conservative opposition without effective response
49,1,defeat alstom would profound consequences europeand competition policy,losing question alstom would serious repercussions europe policies competition
50,1,returns make us stock markets attractive reflect delicate political balance,returns make american securities markets attractive reflect fragile political balance
51,1,month ago mubarak dismissed demands constitutional reform futile,month muybarak applications constitutional reform disrupted futile
52,1,indeed intolerance goes right top turkish government,undeniable intolerance reached meetings turkish government
53,1,none absolves rich countries responsibility help,however absolve rich countries obligation help
54,1,indeed french philosopher marcel gauchet entitled recent book democracy,also note french philosopher marcel gauchet called one recent books democracy
55,1,recommend policies politicians may may want consider,recommended policies politicians consideration
56,1,spirit european constitution must written,spirit must drawn european constitution
57,1,side quite different theories explanations going,player markedly different theories explanations situation
58,1,books success sign kind malaise,success book sign israel 
59,0,putin also seems suspect regimes impotence,also regime 
60,1,europes performance continues decline would perception survive,image survive pursuit decline
61,1,political stock market,politicization securities market
62,1,western europeans spared legacy heed warnings,western europeans forgotten history heed warnings
63,1,none absolves rich countries responsibility help,release however rich countries obligation help
64,1,ignorant poor sick,culture poor sick
65,1,know little modern factory farming may wonder legislation would necessary,know intensive farming methods astonished perhaps need legislation
66,1,today two plausible ways proceed deposed tyrant,today two ways plausible proceeding tyrant deposed
67,1,yet process deinstitutionalization religious experience also taking place within islam,however process deinstitutionalisation religious experience also happening within islam
68,1,ahmadinejad embarking adventure bernanke,ahmadinejad embarking adventure bernanke
69,1,ways needed,necessary find means 
70,1,foremost among economic development largely hands poor nations,forefront lessons find economic development left largely hands poor nations
71,1,europe,europe
72,1,left conservative opposition without effective response,leaves conservative opposition without effective response
73,1,today two plausible ways proceed deposed tyrant,today two plausible ways proceed regard relieved tyrant
74,1,promarket economists dont object corporations blatantly use snob appeal promote products,economists promarché contradictory businesses use openly attraction luxury promote products
75,1,americas interest iraqi oil driven either economics energy policy,interest america iraqi oil dictated economy energy policy
76,1,prominent chinese businessman divides time hongkong london even specific,businessman chinese influential shares time hong kong london even specific
77,1,results remarkable,noteworthy results
78,1,none absolves rich countries responsibility help,detract rich countries obligation help
79,1,yet process deinstitutionalization religious experience also taking place within islam,however process deinstitutionalisation religious experience also happening within islam
80,1,american point view international role dollar trap,american point view international role dollar trap
81,1,muslim islamist thing,muslim islamiste two different things
82,1,putins russia already lost 12 leading journalists murder past six years,putins russia already lost 12 prominent journalists murdered last six years
83,1,us stock prices fell 52 may 9 may 24,however american courses show fall 52 9 may 24
84,1,indeed french philosopher marcel gauchet entitled recent book democracy,also note french philosopher marcel gauchet entitled one recent books democracy
85,1,clear implicit repudiation mubarak sole ruler 24 years,implicit clear repudiation mubarak head state 24 years
86,1,foremost among economic development largely hands poor nations,forefront lessons learn economic development largely left hands poor nations
87,1,give us right divorce husbands abandon us,would give right divorce husbands would abandoned
88,1,us stock prices fell 52 may 9 may 24,yet americans accused lowering 52 9 24 may
89,1,europe,europe
90,1,putins russia already lost 12 leading journalists murder past six years,russia putin already lost 12 prominent journalists murdered last six years
91,1,answer lies support indonesian prodemocracy activists generate domestically internationally,answer lies support indonesian democrats generate activists domestically internationally
92,1,us stock prices fell 52 may 9 may 24,us prices show decline 52 9 24 may
93,1,spirit european constitution must written,spirit european constitution developed
94,1,us stock prices fell 52 may 9 may 24,yet us courts indicted reduction 52 9 24 may
95,1,give us right divorce husbands abandon us,donneraitelle right divorce spouses would abandoned
96,1,ways needed,means found
97,1,yet process deinstitutionalization religious experience also taking place within islam,however process united states also within islam 
98,1,americas interest iraqi oil driven either economics energy policy,interests america iraqi oil dictated economy energy policy
99,1,ways needed,must find ways
100,1,americas interest iraqi oil driven either economics energy policy,interests iraqi people dictated economy energy policy 
101,1,gross error leading russia political ruin,gross mistake conducting russia policy downfall
102,1,perhaps importantly ahmadinejad destabilizing influence bernanke,perhaps important ahmadinejad destabilizing influence bernanke
103,1,time radical improvements technology made threat evaporate,time radical technological progress threats
104,1,bottom line interest rates rise asset values fall,important thing interest rates go values active fall
105,1,time radical improvements technology made threat evaporate,time technological progress radicals made threats slip
106,1,spirit european constitution must written,spirit must developed european constitution
107,1,american point view international role dollar trap,us point view international role dollar trap
108,1,tendency extends deeper headscarves,trend goes well beyond simple scarves
109,1,putins russia already lost 12 leading journalists murder past six years,russia putin already lost 12 eminent journalists assassinated six last years
110,1,books success sign kind malaise,success books sign malaise 
111,1,ignorant poor sick,uncultivated poor sick
112,1,president fewer powers seems overshadowed particularly supreme guide ayatollah ali khamenei,president less capacities appear particulirement particulirement eclipsed guide suprme ayatollah ali khamenei
113,1,indeed intolerance goes right top turkish government,indisputable reaches turkish government 
114,1,prominent chinese businessman divides time hongkong london even specific,business chinese influence shares time hong kong london precise
115,1,books success sign kind malaise,success book sign malaise
116,1,political stock market,politicization securities markets
117,1,tocqueville believed effective longterm constraints tendency,tocqueville thought long run nothing really opposed trend
118,1,tocqueville believed effective longterm constraints tendency,tocqueville believed long term nothing actually oppose trend
119,1,moreover main oil exporters unwilling subordinate investment policies market requirements,large oil exporters willing subject policies investment market rates
120,1,ignorant poor sick,poor sick uncultivated
121,1,promarket economists dont object corporations blatantly use snob appeal promote products,economists include companies use attraction luxury promote products 
122,1,political stock market,politicisation securities markets 
123,1,prominent chinese businessman divides time hongkong london even specific,influential chinese business man shares time hongkong london even precise
124,1,moreover main oil exporters unwilling subordinate investment policies market requirements,moreover major exporters oil prepared submit investment policies market conditions
125,1,western europeans spared legacy heed warnings,western europeans forgotten story take account warnings
126,1,witnessing today shift muslim identity islamist identity,today change muslim identity islamic identity
127,1,month ago mubarak dismissed demands constitutional reform futile,one month muybarak refused demands constitutional reform taxing futile
128,1,appointed task force formulate necessary changes tax spending policies,appointed working party make necessary changes policies public spending fiscal policies
129,1,know little modern factory farming may wonder legislation would necessary,know intensive methods surprised necessity legislation 
130,0,muslim islamist thing,necessary two different things 
131,1,appointed task force formulate necessary changes tax spending policies,appointed working group responsible drawing necessary changes bring public expenditure fiscal policies 
132,1,results remarkable,certain results remarkable
133,1,like union built done,european union build
134,1,give us right divorce husbands abandon us,give right divorce husband abandoned
135,1,recommend policies politicians may may want consider,recommended policies politicians take account
136,1,today two plausible ways proceed deposed tyrant,today two ways proceeding origins 
137,1,areas sharia law introduced force,areas sharia imposed 
138,0,europes performance continues decline would perception survive,picture survive european 
139,1,like union built done,european union build happen
140,1,president fewer powers seems overshadowed particularly supreme guide ayatollah ali khamenei,president fewer powers seems particuli failure overshadowed supreme leader ayatollah ali khamenei
141,1,jobs particular help young people create new lives serious work,jobs particular would help young people forge new lives jobs serious
142,1,western europeans spared legacy heed warnings,western europeans forgotten story heed warnings
143,1,gross error leading russia political ruin,big mistake leading russia political ruin
144,1,todays great pax europa todays paneuropean prosperity depend,great pax europa today current paneuropean prosperity depends
145,1,like union built done,european union built happen
146,1,western europeans spared legacy heed warnings,western europeans forgotten history take account warnings 
147,1,western europeans spared legacy heed warnings,western europeans forgotten history take account warnings
148,1,spirit european constitution must written,spirit must worked european constitution 
149,1,putins russia already lost 12 leading journalists murder past six years,putins russia already lost 12 prominent journalists murdered past six years
150,1,president fewer powers seems overshadowed particularly supreme guide ayatollah ali khamenei,president less powers seems particuli rement overshadowed ayatollahs supr guide ali khamenei
151,1,recommend policies politicians may may want consider,recommended policies politicians take account
152,1,people versus putin,people putin
153,1,tocqueville believed effective longterm constraints tendency,tocqueville believed long term nothing oppose really trend
154,1,questions many,many questions
155,1,necessary,necessary
156,1,moreover main oil exporters unwilling subordinate investment policies market requirements,moreover major oil exporters willing submit investment policies market conditions
157,1,american point view international role dollar trap,american point view international role dollar trap
158,1,foremost among economic development largely hands poor nations,foreground lessons one discovers economic development left mainly hands poor nations
159,1,perhaps importantly ahmadinejad destabilizing influence bernanke,perhaps important ahmadinejad affects destabilizing bernanke
160,1,bottom line interest rates rise asset values fall,key interest rates falling values active
161,1,recommend policies politicians may may want consider,policies take consideration 
162,1,gays modern practices rejected selfindulgent,gay modern practices rejected nombrilistes
163,1,western europeans spared legacy heed warnings,europeans west forgot history take account warning statements
164,1,indeed intolerance goes right top turkish government,undeniable intolerance reached summits turkish government
165,1,left conservative opposition without effective response,leaves conservative opposition without effective answer
166,1,answer lies support indonesian prodemocracy activists generate domestically internationally,answer lies support indonesian democrats activists generate national internationally
167,1,putin also seems suspect regimes impotence,putin seems suspect powerlessness regime
168,1,promarket economists dont object corporations blatantly use snob appeal promote products,economists promarché companies stand openly using attractiveness luxury promote products
169,1,time radical improvements technology made threat evaporate,every time technological progress fly threats 
170,1,western europeans spared legacy heed warnings,western europeans forgotten history heed warnings
171,1,appointed task force formulate necessary changes tax spending policies,appointed working group formulate necessary changes policy public spending fiscal policies
172,1,side quite different theories explanations going,every originator theories explanations significantly different situation 
173,1,today two plausible ways proceed deposed tyrant,today two plausible ways proceed regards burden tyrant
174,1,todays great pax europa todays paneuropean prosperity depend,large europa today prosperity depends 
175,1,yet process deinstitutionalization religious experience also taking place within islam,however process deinstitutionalisation religious experience also happening within islam
176,1,time radical improvements technology made threat evaporate,time radical technological progress leave threats
177,1,putins russia already lost 12 leading journalists murder past six years,russia already lost 12 distinguished journalists murdered course past six years 
178,1,old version european responsewhat psychologists might call dollar envywill become acute,former version european reaction psychologists call envy dollar become pénétrante
179,1,people versus putin,people putin
180,1,returns make us stock markets attractive reflect delicate political balance,returns make american securities markets attractive reflect fragile political balance
181,1,today two plausible ways proceed deposed tyrant,today two ways plausible undertake tyrant deposed
182,1,month ago mubarak dismissed demands constitutional reform futile,month demands constitutional reform five 
183,1,president fewer powers seems overshadowed particularly supreme guide ayatollah ali khamenei,president fewer powers seems particuli rement overshadowed supr guides ayatollah ali khamenei
184,1,answer lies support indonesian prodemocracy activists generate domestically internationally,answer lies support democratic activists indonesia generate nationalement internationally
185,1,side quite different theories explanations going,player theories explanations markedly different situation
186,1,gross error leading russia political ruin,gross error conducting russia downfall policy
187,1,appointed task force formulate necessary changes tax spending policies,appointed working party make necessary changes give policies public spending fiscal policies
188,1,people versus putin,people putin 
189,1,promarket economists dont object corporations blatantly use snob appeal promote products,economists promarché opposed companies openly using attractiveness luxury promote products
190,1,gays modern practices rejected selfindulgent,gay practices modern rejected navelgazing
191,1,necessary,necessary
192,1,old version european responsewhat psychologists might call dollar envywill become acute,old version european reaction psychologists call envy dollar pervasive
193,1,president fewer powers seems overshadowed particularly supreme guide ayatollah ali khamenei,president powers appears particularly eclipsed supreme ali khamenei 
194,1,perhaps importantly ahmadinejad destabilizing influence bernanke,perhaps importantly ahmadinejad influence destabilizing bernanke
195,1,bottom line interest rates rise asset values fall,essence interest rates go values credit fall
196,1,recommend policies politicians may may want consider,recommend policies politicians take account
197,1,questions many,questions many
198,1,returns make us stock markets attractive reflect delicate political balance,returns make american securities markets attractive reflect fragile political balance
199,1,know little modern factory farming may wonder legislation would necessary,know methods intensive farming perhaps need legislation
200,1,muslim islamist thing,muslim islamiste two different things
201,1,know little modern factory farming may wonder legislation would necessary,know intensive farming methods astonished perhaps need legislation
202,1,questions many,many questions
203,1,clear implicit repudiation mubarak sole ruler 24 years,implicit répudiation clear mubarak head state 24 years
204,1,questions many,questions numerous
205,1,gays modern practices rejected selfindulgent,gays practices modern rejected among selfcentred
206,1,divisions reproduced local level,beyond geographical division divisions occur locally
207,1,putins russia already lost 12 leading journalists murder past six years,putins russia already lost 12 distinguished journalists murdered past six years
208,0,gays modern practices rejected selfindulgent,catch practices 
209,1,jobs particular help young people create new lives serious work,jobs particular would help young people create new lives serious jobs
210,1,tocqueville believed effective longterm constraints tendency,thought long term nothing actually trend 
211,1,foremost among economic development largely hands poor nations,forefront lessons discover economic development left largely hands poor nations
212,1,like union built done,european union done 
213,1,gross error leading russia political ruin,serious error taking russia ruin policy
214,1,americas interest iraqi oil driven either economics energy policy,americas interest iraqi oil dictated economy energy policy
215,1,results remarkable,results remarkable
216,1,know little modern factory farming may wonder legislation would necessary,perhaps know methods intensive farming need legislation
217,1,recommend policies politicians may may want consider,recommended policies politicians taking consideration
218,1,initiative get far,done initiative go far
219,0,results remarkable,results 
220,1,american point view international role dollar trap,american view international role dollar trap
221,1,american point view international role dollar trap,point view international role trap 
222,1,muslim islamist thing,muslim islamiste two different things
223,1,month ago mubarak dismissed demands constitutional reform futile,month ago disrupted muybarak applications constitutional reform futile 
224,1,moreover main oil exporters unwilling subordinate investment policies market requirements,moreover major oil exporters prepared subject policies investment market rates
225,1,books success sign kind malaise,success book sign malaise
226,1,answer lies support indonesian prodemocracy activists generate domestically internationally,answer lies support indonesian democrats activists generate domestically internationally
227,1,like union built done,like european union built done
228,1,putins russia already lost 12 leading journalists murder past six years,putins russia already lost 12 prominent journalists murdered past six years
229,1,give us right divorce husbands abandon us,donneraitelle divorce law spouses abandoned
230,1,yet process deinstitutionalization religious experience also taking place within islam,however process désinstitutionalisation experience religious also happens within islam
231,1,today two plausible ways proceed deposed tyrant,today two plausible ways tyrant deposed
232,1,initiative get far,done without initiative goes far
233,1,none absolves rich countries responsibility help,release rich countries obligation help
234,1,none absolves rich countries responsibility help,however rich countries emerging obligation help
235,1,today two plausible ways proceed deposed tyrant,today two ways proceed plausible towards tyrant deposed
236,1,ahmadinejad embarking adventure bernanke,ahmadinejad embarque adventure bernanke
237,1,like union built done,european union happen
238,1,putin also seems suspect regimes impotence,putin also seems suspect impotence mode
239,1,indeed intolerance goes right top turkish government,undeniable intolerance reached heights turkish government
240,1,know little modern factory farming may wonder legislation would necessary,perhaps know methods intensive breeding astonish need legislation
241,1,prominent chinese businessman divides time hongkong london even specific,influential chinese businessman shares time hong kong london even specific
242,1,areas sharia law introduced force,areas sharia law imposed
243,1,initiative get far,done without initiative go far 
244,1,left conservative opposition without effective response,leaves opposition without effective response 
245,1,europes performance continues decline would perception survive,image decline survive
246,1,americas interest iraqi oil driven either economics energy policy,interests america iraqi oil dictated economy energy policy
247,1,results remarkable,results
248,1,gays modern practices rejected selfindulgent,gays others practical modern rejected nombrilists
249,1,old version european responsewhat psychologists might call dollar envywill become acute,old version european reaction psychologists call desire dollar become pervasive
250,1,ahmadinejad embarking adventure bernanke,ahmadinejad embarking upon adventure bernanke
251,1,foremost among economic development largely hands poor nations,forefront lessons one discovers economic development largely hands poor nations 
252,1,gays modern practices rejected selfindulgent,gay practices modern rejected nombrilistes
253,1,iraqs future depends directly fate iraqi oil production,future iraq linked country 
254,1,witnessing today shift muslim identity islamist identity,attend today change moslem identity islamist identity
255,1,jobs particular help young people create new lives serious work,employment particular would help young people forge new lives serious employment
256,1,spirit european constitution must written,spirit must drawn constitution
257,1,moreover main oil exporters unwilling subordinate investment policies market requirements,moreover major oil exporters prepared submit investment policies market conditions
258,1,ahmadinejad embarking adventure bernanke,ahmadinejad board adventure bernanke
259,1,foremost among economic development largely hands poor nations,first lessons discovered economic development largely left hands poor nations
260,1,areas sharia law introduced force,areas charia imposed
261,1,muslim islamist thing,etre muslim islamic two different things
262,1,initiative get far,happened initiative go far
263,1,appointed task force formulate necessary changes tax spending policies,named work group charged formulate changes necessary bring policies public expenditure fiscal policies
264,1,bottom line interest rates rise asset values fall,bottom line interest rates go values credit fall
265,1,like union built done,like eu built happen
266,1,old version european responsewhat psychologists might call dollar envywill become acute,former version european reaction psychologists call envy dollar perceptively
267,1,putin also seems suspect regimes impotence,putin seems accuse powerlessness regime
268,1,give us right divorce husbands abandon us,would give right divorce husbands would given
269,1,appointed task force formulate necessary changes tax spending policies,appointed working party make necessary changes policies public spending tax policies
270,1,appointed task force formulate necessary changes tax spending policies,appointed working party make necessary changes policies public spending fiscal policies
271,1,returns make us stock markets attractive reflect delicate political balance,returns make markets american securities attractive reflect fragile political balance
272,1,indeed french philosopher marcel gauchet entitled recent book democracy,may also note french philosopher marcel gauchet called one recent democracy 
273,1,tendency extends deeper headscarves,tendency goes well beyond simple scarves
274,1,ahmadinejad embarking adventure bernanke,ahmadinejad boards adventure 
275,1,americas interest iraqi oil driven either economics energy policy,americas interest iraqi oil dictated economy energy policy
276,1,answer lies support indonesian prodemocracy activists generate domestically internationally,answer lies support able generate nationally internationally 
277,1,divisions reproduced local level,beyond geographical division divisions occur local level
278,1,bottom line interest rates rise asset values fall,important thing interest rates amount values active fall
279,1,todays great pax europa todays paneuropean prosperity depend,big pax europe today like current prosperity paneuropean depends
280,1,europes performance continues decline would perception survive,picture survive continuing decline
281,1,areas sharia law introduced force,regions sharia imposed
282,1,president fewer powers seems overshadowed particularly supreme guide ayatollah ali khamenei,president fewer powers appears particuli rement overshadowed guide supr ayatollah ali khamenei
283,1,prominent chinese businessman divides time hongkong london even specific,man influential shares time hong kong london even precise 
284,1,defeat alstom would profound consequences europeand competition policy,waste question alstom group would serious repercussions europe policies competition 
285,1,indeed french philosopher marcel gauchet entitled recent book democracy,also see french philosopher marcel gauchet entitled one recent books democracy
286,1,side quite different theories explanations going,protagonist appreciably different theories explanations situation
287,1,books success sign kind malaise,success book sign malaise 
288,1,divisions reproduced local level,beyond geographical division divisions reproduce local level
289,1,perhaps importantly ahmadinejad destabilizing influence bernanke,perhaps importantly ahmadinejad influence destabilizing bernanke
290,1,left conservative opposition without effective response,leaves opposition conservative without effective response
291,1,moreover main oil exporters unwilling subordinate investment policies market requirements,large oil exporters prepared submit investment policies market conditions
292,1,month ago mubarak dismissed demands constitutional reform futile,month ago muybarak écartait constitutional reform taxing futile
293,1,books success sign kind malaise,success book constitutes sign faintness
294,1,jobs particular help young people create new lives serious work,employment particular would help young people forge new lives thanks serious employment
295,1,putin also seems suspect regimes impotence,putin seems suspicion powerlessness regime
296,1,gross error leading russia political ruin,great mistake russia ruin policy
297,1,time radical improvements technology made threat evaporate,time radicals technological advancements made fly away threats
298,1,europe,europe 
299,1,necessary,needed 
300,1,clear implicit repudiation mubarak sole ruler 24 years,implicit clear repudiation mubarak head state 24 years
301,1,side quite different theories explanations going,every leader theories markedly different explanations regarding situation
302,1,witnessing today shift muslim identity islamist identity,witnessing change muslim identity islamic identity
303,1,divisions reproduced local level,beyond geographical division divisions recur local level
304,1,defeat alstom would profound consequences europeand competition policy,losing alstom would serious repercussions europe policies competition
305,1,clear implicit repudiation mubarak sole ruler 24 years,implicit clear répudiation mubarak head state 24 years
306,1,books success sign kind malaise,success paper sign malaise 
307,1,defeat alstom would profound consequences europeand competition policy,lose question alstom would serious effects europe policies competition
308,1,yet process deinstitutionalization religious experience also taking place within islam,however process desinstitutionalisation religious experiment also occurs within islam
309,1,ahmadinejad embarking adventure bernanke,ahmadinejad embarks adventure bernanke
310,1,spirit european constitution must written,spirit must elaborate european constitution
311,1,american point view international role dollar trap,view us international role dollar trap
312,1,perhaps importantly ahmadinejad destabilizing influence bernanke,perhaps important destabilising influence 
313,1,muslim islamist thing,moslem islamiste two different things
314,1,bottom line interest rates rise asset values fall,important thing however rate interest values 
315,1,give us right divorce husbands abandon us,donneraitelle divorce law spouses would abandoned
316,1,tocqueville believed effective longterm constraints tendency,tocqueville believed long term nothing really object trend
317,1,iraqs future depends directly fate iraqi oil production,future iraq linked oil production country
318,1,iraqs future depends directly fate iraqi oil production,iraqs future linked oil production country
319,1,returns make us stock markets attractive reflect delicate political balance,returns make us markets securities attractive reflect fragile political balance
320,1,yet process deinstitutionalization religious experience also taking place within islam,however process deinstitutionalisation religious experience also happens within islam
321,1,putin also seems suspect regimes impotence,putin seems suspect powerlessness regime
322,1,none absolves rich countries responsibility help,however rich countries obligation help 
323,1,todays great pax europa todays paneuropean prosperity depend,great pax europe today prosperity paneuropean today depends
324,1,indeed intolerance goes right top turkish government,undeniable intolerance reached tops turkish government
325,1,moreover main oil exporters unwilling subordinate investment policies market requirements,situation oil prepared submit policies investment market conditions 
326,1,gross error leading russia political ruin,important mistaken leading russia political ruin
327,1,promarket economists dont object corporations blatantly use snob appeal promote products,economists pro market oppose companies use openly attractiveness luxury promote products
328,1,president fewer powers seems overshadowed particularly supreme guide ayatollah ali khamenei,president fewer powers may seem special reviving special reviving overshadowed guide supreme ayatollah ali khamenei
329,1,prominent chinese businessman divides time hongkong london even specific,businessman chinese influential share time hong kong london even precise
330,1,foremost among economic development largely hands poor nations,top lessons discover economic development left largely hands poor nations
331,1,spirit european constitution must written,spirit must developed european constitution
332,1,old version european responsewhat psychologists might call dollar envywill become acute,former version european reaction desire called desire 
333,1,promarket economists dont object corporations blatantly use snob appeal promote products,economists promarket oppose companies openly use attraction luxury promote products
334,1,ahmadinejad embarking adventure bernanke,ahmadinejad embarking adventure bernanke
335,1,divisions reproduced local level,beyond geographical division local level 
336,1,indeed intolerance goes right top turkish government,undeniable intolerance reached summits turkish government
337,1,political stock market,politization markets transferable securities
338,1,iraqs future depends directly fate iraqi oil production,future iraq linked oil production
339,1,indeed intolerance goes right top turkish government,undeniable intolerance reached heights turkish government
340,1,indeed french philosopher marcel gauchet entitled recent book democracy,also note french philosopher marcel gauchet called one recent books democracy
341,1,muslim islamist thing,muslim islamic two different things
342,1,indeed french philosopher marcel gauchet entitled recent book democracy,one also note french philosopher marcel gauchet entitled one recent books democracy
343,1,iraqs future depends directly fate iraqi oil production,future iraq linked oil production
344,1,areas sharia law introduced force,regions sharia imposed
345,1,indeed french philosopher marcel gauchet entitled recent book democracy,also note french philosopher marcel gauchet entitled recent books democracy
346,1,tendency extends deeper headscarves,tendency goes well beyond simple 
347,1,clear implicit repudiation mubarak sole ruler 24 years,implicit clearly head state 24 years 
348,1,us stock prices fell 52 may 9 may 24,however american courts accused reduction 52 9 24 may
349,1,bottom line interest rates rise asset values fall,key interest rates go values active fall
350,1,defeat alstom would profound consequences europeand competition policy,losing issue alstom would serious repercussions europe policies competition
351,1,tocqueville believed effective longterm constraints tendency,tocqueville thought long run nothing really opposed tendency
352,0,give us right divorce husbands abandon us,couple left 
353,1,us stock prices fell 52 may 9 may 24,however americans accused lower 52 9 24 may
354,1,initiative get far,without initiative going far
355,1,mexico wishes guarantee citizens safety ,mexico wishes avoid violence
356,1,spain currently holds rotating presidency osce ,spain currently holds osces presidency
357,1,treaty first signed 1990 ,cfe treaty signed 1990
358,1,gorgich pashtoon executed prison ,gorgich pashtoon executed trafficking heroin sistanbaluchestan province
359,0,safe bourada sentenced 15 years prison ,djamel badaoui sentenced five years
360,1,santos stated radioactive material primary basis generating crude weapons mass destruction terrorism ,uranium radioactive material primary basis generating dirty weapons mass destruction terrorism
361,1,fulvio berghella stated digital worm named sq hell particularly virulent replicated rate 8000 times hour ,fulvio berghella stated digital worm named sq hell high capacity replicate digital worm named sq hell slowing poste italiane computer network making computers inoperable
362,0,ingo kober stated larger interest intellectual property rights 20 30 years ago ,ingo kober stated nations stronger intellectual property rights others
363,1,investigators claim british company cia cover ,russian investigators stated british company cia cover
364,0,russia nato member countries hold meetings fall conventional forces europe treaty cfe ,russian parliament voted unanimously suspend russias participation conventional forces europe cfe treaty
365,1,united states government nato members refused ratify amended treaty officials moscow withdraw troops former soviet republics moldova georgia ,united states nato members refused ratify amended treaty russia completely withdraws moldova georgia
366,0,russia would immediately increase military strength along russian borders ,russia would hesitate increase military strength along russian borders need arises
367,1,center operational august 2008 ,center formally open 2009
368,1,brazilian police surrounding slums north rio de janeiro rid violent drug traffickers ,police officers surrounded slums north rio de janeiro rid violent drug traffickers seize weapons drugs
369,1,regional international nonproliferation issues addressed dialogue negotiations ,second proposal regional international nonproliferation issues addressed dialogue negotiations
370,1,bombing occurred afghanistan attacks antigovernment insurgents increase recent days ,bombing occurred afghanistan police yet stated responsible
371,1,georgian government websites intense cyber attack following russian military strikes georgia late last week ,cyber attacks follow russian military strikes launched georgia late last week
372,1,switzerlands trade diplomatic relations iran criticized recent months foreign minister micheline calmyrey traveled tehran march 2008 sign deal irans state gas firm ,switzerlands trade diplomatic relations islamic republic criticized recent months foreign minister micheline calmyrey traveled tehran march 2008 sign gas deal
373,1,conventional forces europe treaty limits number military aircraft tanks nonnuclear heavy weapons europe ,conventional forces europe treaty signed russian nato members 1990
374,1,african union proposed peacekeeping mission help somalias struggling transitional government stabilize somalia ,african union proposed peacekeeping mission aid struggling transitional government stabilizing somalia particularly withdrawal ethiopian forces
375,1,reports state syrian government concealing nuclear facility attacked site ,un experts begun analyzing reports state syrian government concealing nuclear facility attacked site
376,1,drug also known ice shabu ,methamphetamine also known ice
377,1,national regional international efforts end illicit trade small arms light weapons ,global community must cooperate end illicit trade small arms light weapons
378,1,religious extremism continues pakistan despite banning militant groups ,religious extremism continues pakistan despite banning militant groups pakistani government
379,1,russian officials called conference conventional forces europe treaty discuss ratification amended treaty ,antonov spoke day conference conventional forces europe treaty
380,1,russian president putin signs decree suspending russias application european arms control treaty ,president vladimir putin signed decree suspending russias participation conventional forces europe treaty
381,1,myanmar formerly known burma ,myanmar formerly called burma
382,0,alto huallaga located northeast capital lima ,puerto cabezas located 557 km northeast managua nicaragua
383,1,nato regrets russias decision suspend participation cfe ,russias decision suspend participation cfe step wrong direction
384,1,human rights violations myanmar include summary executions torture recruitment child soldiers ,human rights violations include summary executions torture recruitment child
385,1,general nikolai n urakov stated telephone state scientific center applied microbiology quite reliable systems protection case emergency ,general nikolai n urakov longtime director state scientific center applied microbiology
386,1,alstom competition japanese german countries contract ,alstom competing japanese company shinkansen german company ice contract
387,1,legislation recent effort japan ascribe freedom tightly controlled military would overturn ban military use space ,legislation recent effort japan ascribe freedom tightly controlled military technically known selfdefense force
388,0,south korea launches new bullet train reaching 300 kph ,south korea bullet train system since 1980s
389,1,russia member quartet middle east ,russia member nsg
390,1,anatoly sokolov announced sovietbuilt a135 missile defense system around moscow obsolete inefficient ,sovietbuilt a135 missile defense system around moscow obsolete inefficient
391,0,deal process several years ,iaea investigating irans nuclear activities 4 years
392,1,adherence nonproliferation obligations enhance mutual trust foster international cooperation nuclear energy ,zhang yan stated countries abide nonproliferation obligations order enhance mutual trust create sound environment international cooperation nuclear energy
393,1,french energy transport company alstom may sign contract build highspeed rail link beijing shanghai ,alstom may sign contract build highspeed rail link beijing shanghai
394,0,drug become integral decades ,drug around forms years
395,1,international atomic energy agency reached agreement iranian officials stated remaining issues ambiguities regarding irans nuclear program activities ,accord said remaining issues ambiguities regarding irans nuclear program activities
396,1,beijing police apprehend 20 people including 8 foreigners suspicion using trafficking drugs 2 pubs popular downtown area ,beijing police apprehended 20 people suspicion using trafficking drugs 2 downtown bars
397,1,russia ratified updated treaty 2004 united states nato members refused arguing moscow must first fulfill obligations withdraw forces georgia moldovas separatist region transdniester ,russia ratified amended version united states nato members refused russian government withdraws troops former soviet republics moldova georgia
398,1,conflicting opinion extent damage suffered insurgency ,violence continues despite conflicting opinion extent damage suffered rebel groups
399,1,helmand province worlds largest opiumproducing region ,helmand province worlds largest producer opium
400,0,police stated tsai wenhuang would extradited taiwan ,police stated chung run
401,0,2 individuals arrested released ,2 zambians arrested juveniles
402,1,mexican president felipe calderon sent 2800 special agents soldiers sinaloa due high degree organized crime drug trafficking ,mexican president felipe calderon sent 2800 special agents soldiers sinaloa fight drug trafficking
403,0,berlin host toplevel meetings october save key european arms control treaty conventional forces europe cfe ,russia suspended participation key european arms control treaty governs deployment troops europe
404,0,osce meeting lasted two days ,osce meeting held madrid
405,1,cfe treaty signed 1990 ,cfe treaty established 1990
406,1,iran insists program aimed solely peaceful pursuits generation ,iran insists nuclear program peaceful purposes
407,1,china important force safeguarding world peace ,china important force promoting world development
408,1,north korea denies involvement nuclear program syria ,north korea denies involvement syrian nuclear project
409,0,spokesman stockwell day immediately available ,chinese authorities immediately available comment
410,1,kim myongchol warned interdiction north korean vessels north korean government would retaliate nuclear missile attack major cities new york washington ,kim myongchol stated north korea would retaliate nuclear missile attack major cities new york washington dc
411,1,iran prolific applier death penalty world china ,islamic republic prolific applier death penalty world china
412,0,john duncan great britains ambassador multilateral arms control disarmament ,un assembly chinese government urges increased efforts toward global arms control disarmament
413,1,treaty amended 1999 collapse soviet union ,treaty amended 1999 reflect changes since soviet breakup
414,1,kashmir divided india pakistan ,kashmir claimed india pakistan
415,0,south korea israel oppose proliferation weapons mass destruction arms race ,china resolutely oppose proliferation mass destructive weapons
416,1,kadhafi warns us britains failure compensate libya nuclear disarmament deter iran north korea disarming ,western countries failure sufficiently compensate libya deter iran north korea disarming
417,1,russia ratified amended treaty ,russia ratified updated treaty 2004
418,1,staff 30 specialists conduct research training cyber warfare prepared assist nato members response future cyber attacks ,staff 30 specialists conduct research training cyber warfare
419,1,jamaatiislamis youth wing staged separate demonstration kashmir ,jamaatiislamis youth wings demonstration us attack iraq
420,1,china resolutely oppose means delivery mass destructive weapons ,china always opposed proliferation weapons mass destruction
421,1,breakdown order china lead significant global turmoil ,breakdown order china worse afghanistan yugoslavia
422,1,north korea claimed nuclear ambitions currently north korea reported missiles aimed japan ,north korea boasted nuclear ambitions north korea reported missiles trained
423,0,abuja capital ,tskhinvali capital georgia
424,1,united states government accused iranian government trying develop nuclear weapons cover civilian nuclear program ,us allies accused iran attempting develop nuclear weapons guise civilian nuclear program
425,0,tirana capital ,abuja capital
426,1,armed clash iranian police kill 4 alleged drug traffickers arrest 2 seize nearly 5 metric tons opium morphine ,armed clashes southeastern iran police seized nearly 5 metric tons 55 tons opium morphine
427,1,irans nuclear projects peaceful purposes ,iran insists nuclear program peaceful purposes
428,1,china resolutely oppose proliferation mass destructive weapons ,china resolutely oppose means delivery mass destructive weapons
429,0,china north koreas closest ally ,north korea reclusive state
430,1,libyan foreign minister abdel rahman shalgam visited london first visit libyan foreign minister since 1969 ,shalgams visit london first libyan foreign minister since 1969
431,1,goff stated presents major threat global security ,presents major threat global security
432,0,cambodia vietnam finalized agreement stop asian european drug traffickers ,syrian russian officials signed agreement cooperation combating drug trafficking
433,1,activists stated russia imprisoning people without evidence illegal activity ,russia imprisons people without evidence illegal activity
434,1,restraining extremist groups becoming increasingly difficult groups financed ,bruguiere stated restraining extremist groups particularly across europe becoming increasingly difficult groups financed
435,0,zabol town southeastern iran ,khoramabad city western iran
436,1,detainees accused homicide criminal collaboration kidnapping funding terrorism include members military police ,iguaran stated detainees accused homicide criminal collaboration kidnappings funding terrorism
437,1,existing rods could produce 36 atomic bombs 68 months ,experts stated rods could produce 36 atomic bombs 68 months
438,1,international atomic energy agency may tricked eager deal ,international atomic energy agency plan draws negotiations many months
439,1,myanmar government stated myanmar become opiumfree 2014 ,myanmar government stated myanmar track drugfree 2014
440,1,jewishamerican group antidefamation league adl published fullpage advertisements swiss international papers april 2008 accusing switzerland funding terrorism deal ,antidefamation league took fullpage advertisments swiss international newspapers earlier april 2008 accusing switzerland funding terrorism deal
441,0,france provides rockets guns engines ,britain provides fuel tanks gearboxes
442,1,capital offenses saudi arabia include rape murder apostasy armed robbery drug trafficking ,capital offences iran include murder rape armed robbery serious drug trafficking adultery
443,1,bae systems uks largest defense company ,bae systems uks largest military
444,1,lavrov told us secretary state condoleezza rice russia remains open dialogue ,us secretary state condoleezza rice demanded russia withdraw forces
445,1,additional individuals entities subject assets freeze ,resolution includes broadened list individuals entities subject assets freeze
446,1,withdrawal treaty would allow russia bolster forces near russian borders ,withdrawal conventional forces europe treaty would allow russia bolster forces near russian borders
447,0,fan stated commission primarily concerned term future investment taiwan ,fan stated commission ensure commitments upheld investments way
448,1,government spokesman maseko stated administrative papers order government south africa cannot intervene prevent weapons transported territory neighboring landlocked country ,spokesman themba maseko stated long administrative papers order south africa cannot intervene prevent weapons transported south african territory zimbabwe
449,1,president dmitry medvedevs statement posted kremlin website carried full state news agencies ,statement posted kremlin web site carried state news agencies
450,0,turkmenistan borders afghanistan ,sistanbaluchestan borders afghanistan pakistan
451,1,number executions increased iran last year amid campaign aimed improving security society ,number executions increased dramatically 2007 amid campaign iranian authorities state aimed improving security society
452,1,syria denies undeclared nuclear program ,syria denies existence undeclared nuclear program
453,0,amnesty international rights group based london ,international institute strategic studies located london
454,1,number 254 tabulated afp count compiled press witness reports ,number executions iran 2007 calculated afp count compiled press reports
455,1,iranian government stated iranian nuclear program remains peaceful ,iranian government says nuclear program peaceful
456,0,shingarev said difficult make nuclear weapon plutonium fuel ,donohue said difficult manipulate radioactive isotopes without leaving trail
457,0,paris capital france ,lima capital
458,1,indian government official spoke condition anonymity ,official spoke condition anonymity
459,1,russia threatened several times withdraw cfe odds united states us plans install missile defense shield eastern ,russia repeatedly threatened withdrawal cfe opposition plans extension us missile defense shield eastern europe
460,0,plan tunisia creation electronic databases facilitate tax collection ,plan nigeria mozambique creation electronic database real estate
461,1,china praised international community efforts resolve korean peninsula nuclear issue ,china praised especially asiapacific states efforts resolve korean peninsula nuclear issue
462,1,russian foreign ministry stated russia suspended dialogue ,russian officials stated russia reconsider suspension
463,1,arms smugglers drug cartels must eliminated southeast asia ,arms smugglers drug cartels abet terrorists
464,1,new law attempts remove legal obstacles building advanced spy satellites help innovation japanss space industry ,purpose new law remove legal obstacles building advanced spy satellites encourage innovation japanss space industry
465,1,zhang stated china opposes restricting peaceful use nuclear energy nonnuclearweapon states basis nonproliferation peaceful use nuclear energy crucial objective npt ,zhang yan stated china opposes using nonproliferation pretext restricting depriving nonnuclearweapon states right peaceful use nuclear energy
466,1,nonproliferation expert international institute strategic studies mark fitzpatrick stated iaea report unusually strong tenor ,senior fellow international institute strategic studies mark fitzpatrick stated international atomic energy agency plan superficial
467,1,treaty limits number aircraft tanks nonnuclear heavy weapons around europe ,conventional forces europe treaty limits number military aircraft tanks nonnuclear heavy weapons europe
468,1,estonian officials stated cyber attacks caused estonian government websites shut temporarily came computers administration russia including office president vladimir putin ,officials estonia including prime minister andrus ansip claimed cyber attacks came russian government computers including computers office russian president vladimir putin
469,1,britain struck agreement supply saudi arabia typhoon jets deal worth estimated 8 billion pounds 139 billion us dollars ,uk agreed supply saudi arabia typhoon jets deal worth estimated 8 billion pounds approximately 139 billion us dollars uk defense company bae systems
470,1,opium raw ingredient heroin ,poppies yielded raw ingredient heroin
471,1,wi sunglac refused give details north korean nuclear reactor project ,south korea far taken cautious stance issue north korean nuclear reactor project
472,1,agreement aimed establish wider cooperation covering national security fight global terrorism ,statement british ministry defense stated agreement aims establish wider cooperation covering national security fight global terrorism
473,1,many executed iran hanged public ,many people executed hanged public
474,1,united states allies united states believe iran pursuing nuclear arms ,united states european nations believe irans nuclear projects purpose making nuclear weapons
475,1,cfe important european security ,cfe cornerstone european security
476,1,indian troops already fighting rebels kashmir engaged massive campaign destroy poppy crops region ,indian troops already fighting rebels also engaged massive operation destroy poppy crops kashmir
477,0,matter delicate ,iaea report restricted
478,1,last week russia announced suspend participation cfe ,nato regrets russias decision suspend participation cfe
479,1,us western nations nato condemned violence ,us western nations nato demanded ceasefire
480,0,indian nationals constitute largest number foreign inmates nepal prisons ,drug traffickers foreign countries constitute largest percentage foreign inmates nepal
481,1,judicial order accused raghad funding terrorism ,court accused raghad saddam hussein funding terrorism
482,1,myanmars military rulers burned approximately 250 million dollars worth illegal drugs mark international day drug abuse illicit trafficking ,myanmars military rulers incinerated drugs mark international day drug abuse illicit trafficking
483,1,iranian officials increased executions 2007 officials enforce campaign purportedly aimed promoting virtue boosting security society ,number executions increased iran last year amid campaign aimed improving security society
484,1,india accuses islamabad funding training guerrillas ,india accuses pakistan funding training crossborder guerrillas
485,1,ensuing battle airstrikes killed least 10 militants ,ensuing battle killed least 10 militants
486,0,panamanian foreign ministry communique stated task force facilitate technological transfer promote biofuel production consumption ,panamanian foreign ministry communique stated panama brazil signed 3 juridicalissue treaties included extradition
487,1,vietnam among worlds harshest drug laws ,vietnams drug laws among worlds strictest laws
488,1,indian government prohibited direct indirect export import items materials goods technology could contribute irans enrichmentrelated reprocessing heavy waterrelated activities ,india prohibited direct indirect export import items materials goods technology could contribute irans nuclear weapons delivery systems
489,1,vietnam news agency reported ministry public security stated foreigners involved drug trafficking cases vietnam came mostly laos cambodia australia china united states taiwan ,vietnam news agency reported ministry public security stated police admitted drug trafficking vietnam increasing actions prevent stop drug trafficking along borders remained limited
490,1,saferworld team leader transfer controls small arms roy isbister stated eu embargo prohibits direct indirect supply military equipment use myanmar ,saferworld team leader transfer controls small arms roy isbister stated eu embargo explicitly states military equipment supplied either directly indirectly use myanmar
491,1,united states nato members refused ratify amended treaty ,united states nato members refused ratify updates cfe
492,1,cfe limits use armed forces heavy weaponry prescribes measures aimed confidencebuilding transparency cooperation member states ,treaty limits deployments tanks troops nato former easter european warsaw pact countries establishes confidencebuilding transparency cooperation measures member
493,0,bulgaria located southeastern part balkan peninsula ,drugtrafficking activity rampant southeastern part balkan peninsula
494,1,elbaradei stated last chance build security middle east based trust cooperation possession nuclear weapons ,last chance build security middle east based trust cooperation rather possession nuclear arms
495,1,iranian government dismissed allegations intelligence presented international atomic energy agency board baseless intelligence used support allegations fake ,international atomic energy agency insists iranian governments simple denials intelligence presented international atomic energy agency board good enough allay western countries suspicions
496,1,cfe treaty established 1990 ,treat originally signed 1990
497,1,conventional forces europe treaty considered key arms control treaty ,conventional forces europe treaty key sovietera arms control treaty
498,1,nicaragua commemorated 25th anniversary sandinista revolution toppled dictatorship anastasio somoza imposed cubanstyle leftist regime ,nicaragua commemorated 25th anniversary sandinista revolution
499,1,13 kurds turkey arrested near paris suspicion moneylaundering kurdistan workers party pkk ,10 kurds investigation france suspicion moneylaundering terrorist organization known kurdistan workers party pkk
500,1,meetings lasted 2 days ,osce meeting lasted two days
501,0,villagers inadvertently involving drug trafficking ,105 inmates serving sentences drug trafficking
502,1,russian government strongly opposes us plans install antimissile defenses europe dismisses us assertions interceptors needed defend threats iran ,talks nato headquarters baluyevsky repeated russias opposition us plans install antimissile defenses europe dismissed us assertions interceptors needed defend potential threats iran
503,1,hong kong universities collaborate universities businesses government sectors mainland china coordinate training programs research centers promote hightech research commercialization technology transfer ,hong kong universities collaborated tertiary education business government sectors mainland china direct training programs research centers promote research commercialization technology transfer
504,0,chinese government gave active cooperation assistance organization prohibition chemical weapons inspections ,ecuadorian foreign ministry said statement delegates organization prohibition chemical weapons opaq also take part meeting
505,1,mexican government adopted series measures drug trafficking organized crime within mexico since 2006 ,since 2006 mexico adopted series measures drug trafficking organized crimes
506,1,statement specify quantity warheads missile capable carrying ,statement specify many warheads missile carry
507,1,serious threat international security ,presents major threat global security
508,1,nicaragua commemorated 25th anniversary sandinista revolution ,nicaragua reconciled approach anniversary sandinista revolution
509,1,russian president vladimir putin states decision cease implementation conventional forces europe treaty response us plans establish missile defense sites eastern europe natos failure ratify amended version treaty ,russian president vladimir putin states decision response us plans establish missile defense sites eastern europe natos failure ratify amended version treaty
510,1,dutch national research institute tno carried chemical weapons experiments dutch defense ministry 1950s ,hpdetijd journalist learned tnos chemical weapons experiments defense ministrys archives
511,1,report issued security software vendor mcafee inc said governmentaffiliated hackers china forefront brewing cyber cold war ,governmentaffiliated hackers china forefront burgeoning cyber cold war
512,1,treaty limits number aircraft tanks nonnuclear heavy weapons around europe first signed 1990 ,treaty limits number aircraft tanks nonnuclear heavy weapons around europe
513,0,many attacks originated abroad ,estonian officials stated attacks originated russia
514,0,police arrested 2 honduran drug trafficking suspects ,bulgarian police arrest head drug trafficking group
515,1,japan rises occasion japan never beaten even terms military power ,ozawa said japan rises occasion japan never beaten even terms military power
516,1,egypt jordan signed nuclear nonproliferation treaty long called middle east free weapons mass destruction ,syria signed nuclear nonproliferation treaty allowed agency experts inspect known nuclear facility
517,0,russia already participates european space agencys ,france leader european space agency
518,1,myanmar military state ,myanmar military junta
519,0,say men hanged prison ,dozens criminals hanged public
520,1,amnesty internationals report compiled european international nongovernmental organizations saferworld opposes armed violence ,amnesty international report compiled european international nongovernmental forums
521,1,institute public policy research report said 27 weak states pose threat britains national security states could provide bases terrorists ,report said 27 weak states pose threat britains national security states could provide bases terrorists
522,1,iranian government denied accusation insists nuclear program peaceful purposes ,iran insists nuclear program peaceful purposes
523,1,proliferation security initiative calls stopping searching ships suspected carrying weapons mass destruction ,members proliferation security initiative considering ways intercepting ships aircraft suspected carrying weapons mass destruction
524,1,international community modernize seek fair reasonable effective way enhance nuclear nonproliferation regime extensive consultations ,third proposal countries advance times seek fair reasonable effective way enhance nuclear nonproliferation regime broad consultation
525,1,amnesty international published report stating indian project sell attack helicopters myanmar threatens european union arms embargo myanmar ,amnesty international report titled indian helicopters myanmar making mockery eu arms embargo
526,1,naeem smuggled 10 kilograms 22 pounds heroin ,defendants smuggled 11 kilograms 24 pounds heroin
527,1,29 people convicted quang ninh peoples court participating drug ring trafficked heroin vietnam china ,court official tran dao stated 12 people among 29 people convicted quang ninh peoples court participating drug ring trafficked heroin vietnam china
528,0,lawyer michael karras named ss dhillon could reached comment ,durban port authorities police explosives inspectors could reached comment
529,1,countries oppose weaponization space arms race space ,china stressed opposition weaponization arms race outer space
530,1,france belgium germany sweden italy britain provide parts technology advanced light helicopter alh ,france belgium germany sweden italy britain provide parts technology advanced light helicopter india plans sell myanmar
531,1,illegal arms trafficking increases kenya due easy availability neighboring conflicts ,illegal arms trafficking increased kenya raised concern security
532,1,nr mohanty stated agreement signed defense research development organisation hindustan aeronautics limited indian air force upgrade indias ageing fleet mig27 aircraft ,mohanty stated upgrade done soon almost finalised defense research development organisation hindustan aeronautics limited indian air force
533,1,elbaradei states middle east peace deal reached parallel security agreement based eradicating weapons mass destruction region ,elbaradei quoted saying peace deal israel arab neighbors must reached parallel security agreement based eradicating weapons mass destruction region
534,0,drug traffickers face death penalty tajik law ,afghan drug trafficker caught tajikistan
535,1,international atomic energy association united nations watchdog ,international atomic energy agency uns nuclear watchdog
536,1,wen states main purpose germany visit advance trade economic technological exchanges ,wen stated purpose visit germany advance trade economic technological exchanges
537,0,united states officials know far north koreas nuclear weapons program progressed ,hill head american negotiator north koreas nuclear weapons program
538,1,7 police officers killed 4 officers wounded ,clash 7 seven police officers killed 4 seriously wounded
539,1,defense chiefs estonia latvia lithuania germany italy spain slovakia sign agreement provide staff funding center ,defense chiefs estonia latvia lithuania germany italy spain slovakia signed agreement
540,1,bill proposing new law allowing use space programs defense already approved lower house japans government last week ,bill new law already approved japanese governments lower house last week
541,1,van der merwe sentenced geiges total 13 years imprisonment ,van der merwe suspended geiges sentence 5 years imprisonment
542,0,zahedan city southeastern ,bam city southeastern
543,1,president putin stated russia would take countermeasures ,putin warned russia would take retaliatory actions
544,1,china far balked united states pressure china stop search north korean ships ,china stated united states pressure china stop search north korean ships could trigger military clashes
545,1,brazils strategic affairs minister roberto mangabeira unger stated brazils new national defense plan calls establishing partnerships countries including russia france build stateoftheart weapons industry ,unger stated brazils new national defense plan calls establishing partnerships countries including russia france build stateoftheart weapons industry
546,0,accused charged international drug trafficking ,accused also charged money laundering tax evasion corruption
547,1,variants advanced light helicopter alh contain rocket launchers belgium rockets guns engines france brake systems italy fuel tanks gearboxes britain selfprotection equipment swedish company received crucial design development engine control manufacturing german companies ,alhs arsenal includes rocket launchers belgium rockets guns engines france brake systems italy fuel tanks gearboxes britain selfprotection equipment swedish company
548,1,indian defense ministry increased spending defense purchases ,indian defense ministry increased defense spending new purchases 33 percent
549,0,iaea report restricted ,killers escaped
550,1,conventional forces europe treaty signed russian nato members 1990 ,conventional forces europe treaty amended 1999
551,1,sheik doon salad ilmi said civilian casualties resulting overnight mortar rocket attacks happen every day ,sheik doon salad ilmi stated civilian casualties resulting overnight mortar rocket attacks admitted hospital nearly every day
552,0,south african government maintains good relations united states government ,cfe 1 several issues negatively impacting russias relations united states europe
553,1,nuclear weapon systems high level readiness increase risk weapons used including unintentionally catastrophic consequences ,resolution says high level readiness increases risk use weapons unintentional accidental use would catastrophic consequences
554,1,blix stated essential increase efforts eliminate nuclear arms weapons mass destruction ,blix visiting new zealand said essential greater efforts made eliminate nuclear arms weapons mass destruction
555,0,helmand province worlds largest producer opium ,areva group worlds largest nuclear engineering firm
556,1,afghanistaniran border region scene frequent clashes police drug smugglers ,area near town mirjaveh scene frequent conflicts iranian police drug smugglers
557,1,physicist danilov convicted selling classified information space technology china ,physicist valentin danilov found guilty selling classified information space technology china
558,1,myanmar worlds largest producer illegal opium limited financial technical resources ending drug trade ,myanmar worlds largest producer illicit opium according latest us state department antinarcotics report
559,1,abductee support group hopes parliament change laws soon ,abductee support group use survey press parliament pass new laws
560,1,santos stated colombian police found evidence 2 computers discovered slain rebel leader raul reyes ,francisco santos stated colombian police found evidence two computers discovered raul reyes
561,0,quy doan spokesman vietnamese ministry culture information ,grenell spokesman us mission united nations
562,1,siemens spokesman germany stated heinrich von pierer stated siemens beginning talks interested chinese parties sale plutoniumprocessing facility ,siemens spokesman germany stated heinrich von pierer stated gerhard schroeder stated gerhard schroeder sale plutoniumprocessing facility principle
563,1,vietnam among worlds strictest drug laws ,vietnams drug laws among worlds strictest laws
564,0,government initiatives disarm ineffective ,governance institutions ineffective long time somalia
565,1,putin stated russian government could withdraw treaty altogether western nations refuse ratify amended treaty ,putin stated russia could discard treaty entirely western nations refuse ratify amended version
566,1,russia ratified amended version treaty ,russia ratified amended treaty
567,1,osce discussed possible extension osces mission kosovo ,osce discussed kazakhstans bid hold osce presidency 2009
568,1,elbaradei international atomic energy agency chief ,mohammed elbarade international atomic energy agencys director general
569,0,nuclear nonproliferation treaty 37 years old ,nuclear nonproliferation treaty reviewed every 5 years
570,1,chinese foreign ministry spokeswoman jiang yu stated cyber hacking global issue ,chinese foreign ministry spokesman qin gang asked respond cheneys speech chinas military development
571,1,plant constructed next existing plant projected operational 7 years ,plant constructed next existing plant also supplied china operational since 1999
572,1,cyber attacks considered growing threat military civilian computer networks ,nato considers cyber attacks growing threat military civilian computer networks
573,0,india blames foreign militants part propaganda mislead international community ,abe urged assertive foreign policy japan international community
574,1,riyadhbased naif arab academy security sciences said statement running twoweek workshop 50 antiterrorism experts ,statement naif arab academy security sciences announced sponsor 2week workshop 50 antiterrorism experts
575,1,88 percent liberal democratic party supports economic sanctions ,80 percent opposition democratic party supports economic sanctions
576,0,sharia islamic law ,iran islamic republic 
577,1,number suspected islamic militants alleged alqaida links arrested malaysia singapore officials stated militants network extends indonesia ,suspected islamic militants alleged alqaida links arrested malaysia singapore
578,1,september 2007 jordan signed accord united states aimed supporting peaceful development jordans nascent nuclear program ,september 2007 united states signed accord jordan aimed supporting peaceful development jodrans new nuclear program
579,1,according statement rs24 reinforces military potential strategic forces overcome antimissile defense systems ,according statement prototype rs24 rocket unlike topolm equipped multiple independently targetable warheads overwhelm defense systems
580,0,naeem hanged zabol sistanbaluchestan province ,zahedan capital sistanbaluchestan province
581,1,iran lies major drug route afghanistan europe persian gulf states ,iran lies major drug trafficking route afghanistan europe well persian gulf states
582,0,hosted australian government ,us plans angered russian government
583,1,5 permanent united nations security council members britain china france russia united states ,p51 members britain china france russia germany united states
584,1,july 2006 jordanian prime minister maaruf bakhit stated raghdad hussein family living protection king abdullah ii ,jordanian prime minister maaruf bakhit said july 2006 raghdad hussein family living protection king abdullah ii iraq issued
585,1,siemens spokesman germany stated agence francepresse siemens confident outcome talks sell plutoniumprocessing facility ,siemens spokesman germany refrained commenting political aspect sale plutoniumprocessing facility
586,1,cyber attack occurred french president sarkozys meeting dalai lama angered chinese government ,cyber attack occurred french president nicolas sarkozys meeting exiled tibetan spiritual leader dalai lama
587,1,south african government imposed ban prohibits recruitment people inside outside south africa mercenary foreign military assistance ,south africas foreign ministry stated south africas foreign military assistance act prohibits recruitment people inside outside south africa mercenary foreign military assistance
588,0,ukraine almost necessary approvals join european space agencys program ,france leader european space agency
589,1,north korean government warned south korean government participating proliferation security initiative program ,north korean government stated south korean government participates proliferation security initiative program would result unspecified catastrophic consequences
590,1,chinas council agriculture opens special office charge agricultural technology transfers intellectual property rights management consultancy enhance development chinas knowledgebased agriculture applications agricultural technology ,lee stated coa spent past several years setting relevant mechanisms drafting set promotional measures enhance development chinas knowledgebased agriculture applications agricultural technology
591,1,iranian parliamentary speaker gholamali haddadadel visited cuba ,agreements signed iranian majlis parliament speaker gholamali haddadadels visit cuba
592,1,tibet suspects chinese government creating virus spy tibetan exiles dalai lama ,tibet suspects chinese government launching attack
593,0,chinese authorities immediately available comment ,godzhayev godzhayevs lawyers immediately available comment
594,0,european union united states frozen alqadis assets ,western governments include united states france
595,0,chinese government strengthened chinas antiproliferation capacity recent years ,chinese government strictly censored chinas chemical imports exports according law recent years
596,1,group representing mainly white south africans called afriforum stated would organize protests along route zimbabwe ,afriforum stated group would organize protests along route zimbabwe
597,1,putin announced cfe treaty duly protect russias security interests ,cfe treaty duly protect russian federations security interests
598,1,ahmad fighting extradition united states lodged formal complaint alleging british police concocted intelligence reports implicate ahmad terror activities desecrated koran ,ahmad lodged formal complaint independent police complaints commission alleging british police concocted intelligence reports implicate ahmad terror activities desecrated ahmads copy islamic holy book koran putting koran floor search ahmads home
599,1,russia ratified amended version united states nato members refused russian government withdraws troops former soviet republics moldova georgia ,united states nato members refused ratify amended version russia withdraws troops former soviet republics moldova georgia
600,0,part purpose united states plan increase pressure north korea ,united states allies united states believe iran pursuing nuclear arms
601,0,tskhinvali capital georgia ,paris capital france
602,0,indian government official stated india attach much credence reports amnesty international ,one indian government official studied blueprints stated science old dated still functional
603,1,chinas cabinet state council announced amend regulations dualuse nuclear technology prevent nuclear terrorism ,amending regulations dualuse nuclear technology prevent nuclear terrorism
604,0,japanese prime minister junichiro koizumi said shift rods proactive ,2002 japanese prime minister junichiro koizumi attended summit north korea north korean leader kim jong il
605,1,opposition japanese communist party new law feared would lead stronger military ,opposition japanese communist party bill proposing new law
606,1,asean officials stated standardization would difficult due different countries political systems ,officials stated task would difficult asean members varied legal political systems
607,1,iraq lobbying security council stop using countrys oil revenue pay compensation victims 1991 gulf war salaries united nations monitoring verification inspection commission inspectors money remaining united nations oilforfood accounts transferred governments development fund ,iraqs new leaders lobbying united nations security council stop using iraqs oil revenue pay salaries inspectors money remaining united nations oilforfood account transferred iraqi government
608,1,key european arms control treaty must maintained ,cfe treaty key european arms control treaty
609,1,golden triangle region 1 worlds biggest producers opium ,helmand province worlds largest producer opium
610,1,united states dismissed action nuclear blackmail ,united states said would stand nuclear blackmail ruled negotiations
611,1,meeting 3 days long ,meetings lasted 2 days
612,1,ministers china laos india myanmar thailand also address crop substitution initiatives impoverished ethnic minorities still rely opium cultivation ,ministers china laos india myanmar thailand discuss find markets goods produced crop substitution related programs ecotourism handicraft manufacturing
613,1,china nuclear power member un security council ,china permanent member un security
614,0,north korean officials suspected building nuclear weapons ,north korea currently process dismantling nuclear weapons program
615,1,australian television reporter peter lloyd faces 3 new drug charges singapore ,according court documents 25 july australian television reporter peter lloyd faced 3 new drug charges singapore
616,1,president vladimir putin signed decree suspending russias participation conventional forces europe treaty ,russian president vladimir putin signed decree suspending russias participation conventional forces europe treaty due circumstances affect security russian federation require immediate measure
617,1,extradition conditions stipulate tunisian prosecuted single charge falsifying documents italian authorities provide sufficient evidence prosecute ,spokesman swiss justice ministry folco galli stated extradition conditions stipulate mejri prosecuted single charge falsifying documents italian authorities could provide sufficient evidence prosecute
618,1,attacks believed come russian administration ip addresses response relocation soviet statue estonia ,attacks occurred dispute governments russia estonia relocation soviet war memorial
619,0,india pakistan remain outside treaty ,israel remains outside treaty
620,0,china member ballistic missile club ,russia member quartet middle east
621,1,russia may pull treaty us nato allies refuse ratify amended version ,warned russia would withdraw treaty western nations refuse ratify amended version
622,0,particularly true poorest countries ,particularly ethiopia withdraws forces
623,1,iran noticeably increased number executions recent months officials enforce campaign aimed promoting virtue boosting security ,iranian officials increased executions 2007 officials enforce campaign purportedly aimed promoting virtue boosting security society
624,0,statement issued official spa news agency stated aldosari convicted drug trafficking ,rapist identified hossein safarlou also convicted drug trafficking
625,0,tajikistan uzbekistan share border afghanistan experienced raids talibanbacked islamic militants recent years ,neighboring kyrgyzstan also experienced raids talibanbacked islamic militants recent years
626,0,russia said system clear threat russian security ,serious threat international security
627,1,gang engaged illegal activities including racketeering blackmail arms smuggling cigarette smuggling money laundering allegedly used proceeds fund terrorist groups chechnya ,dans stated gang engaged illegal activities including racketeering blackmail arms smuggling cigarette smuggling money laundering
628,1,state scientific center applied microbiology every kind deadly bacteria studied use secret biological weapons program soviet union ,state scientific center applied microbiology working western scientists convert complex biomedical manufacturing site
629,0,international atomic energy agency access people documents sites ,international atomic energy agency based
630,0,book states drug conveys completely positive image ,official stated complete technology transfer
631,0,40 inmates serving sentences murder ,105 inmates serving sentences drug trafficking
632,0,russia fulfilling obligations decreasing forces ,russias suspension obligations cfe treaty temporary
633,1,executive director arms control association washington daryl kimball stated iaea report 1 series bad signs ,executive director arms control association washington daryl kimball stated israeli document could affect debate india
634,1,cfe 1 several issues negatively impacting russias relations united states europe ,treaty one several issues causing tense relations governments russia us europe
635,1,korobeynichevs laboratory worked us lawrence livermore national laboratory ,korobeynichevs laboratory worked scientific institutes
636,0,lugar nunn senators ,lugar nunn awarded prime minister medal
637,1,officials state decision treaty depend us action plans deploy missile defense systems poland czech republic ,russian military officials stated decision would depend whether united states proceeds plan deploy missile defense components poland czech republic
638,1,signing agreement peripheral issue meeting chiefs defense staff 26 ally countries nato ,agreement signed regular meeting chiefs defense staff 26 nato allies
639,1,early may 2002 officials philippines malaysia indonesia signed antiterrorism agreement share airline passenger lists intelligence ,early may 2002 philippines malaysia indonesia signed agreement share terrorism intelligence
640,1,first meeting leaders european union leaders albania bosnia herzegowina croatia macedonia serbia montenegro leaders western balkan countries pledge diminish organized crime corruption balkans meet requirements european union membership ,leaders albania bosnia herzegowina croatia macedonia serbia montenegro met first time european union leaders pursue joining european union
641,1,resolution requires 192 united nations member states adopt laws prevent terrorists black marketeers nonstate actors manufacturing acquiring trafficking nuclear biological chemical weapons materials make ,resolution 1540 requires countries adopt laws prevent nonstate actors manufacturing acquiring trafficking nuclear biological chemical weapons materials make missiles systems deliver
642,0,international atomic energy association stated jordan agreed additional measures ,international atomic energy association united nations watchdog
643,0,much concern drug ,much work done
644,1,amnesty international report suggested belgium begin immediate talks india prevent future sales alh components military technology myanmar ,report urged belgium begin immediate talks india order prevent future weapons sale myanmar
645,1,capital offenses iran include murder rape armed robbery apostasy blasphemy serious drug trafficking repeated sodomy adultery prostitution treason espionage ,capital offenses iran include murder rape armed robbery serious drug trafficking adultery
646,1,saudi arabia absolute monarchy taken steps towards reform ,saudi arabia absolute monarchy consultative council appointed government
647,1,spokesman said exchange opinions topical international regional matters based joint working relationship heart un kamynin said russia recognizes participation libya work un security council ,kamynin said exchange opinions topical international regional matters based joint working relationship heart un
648,1,shalgams visit london first libyan foreign minister since 1969 ,visit libya russian foreign minister announced
649,0,indian pakistani governments nearly engaged fourth conflict 1999 ,indian pakistani governments conducted nuclear tests may 1998
650,1,iguaran stated detainees accused homicide criminal collaboration kidnappings funding terrorism ,iguaran stated detainees also involved murders police members antikidnapping group
651,1,3 suspected extremists released bail ,1 suspected extremist provisionally released without bail
652,0,6 czech hospital employees charged human organ trafficking ,accused charged international drug trafficking
653,0,aggravated situation ,north korea act aggravate situation
